{"cameraMode":{"drawMode":0,"name":"Shaded","section":"Shading Mode"},"sceneLighting":true,"audioPlay":false,"sceneViewState":{"m_AlwaysRefresh":false,"showFog":true,"showSkybox":true,"showFlares":true,"showImageEffects":true,"showParticleSystems":true,"showVisualEffectGraphs":true,"m_FxEnabled":true},"in2DMode":false,"pivot":{"x":209.63442993164063,"y":-1.735501766204834,"z":621.2283935546875},"rotation":{"x":0.24818742275238038,"y":0.10437169671058655,"z":-0.02690647915005684,"w":0.9626976847648621},"size":7.631062984466553,"orthographic":false}